0,ChuangYi_创艺简中圆
1,ChuangYi_创艺简仿宋
2,ChuangYi_创艺简宋体
3,ChuangYi_创艺简标宋
4,ChuangYi_创艺简楷体
5,ChuangYi_创艺简粗黑
6,ChuangYi_创艺简细圆
7,ChuangYi_创艺简老宋
8,ChuangYi_创艺简行楷
9,ChuangYi_创艺简隶书
10,ChuangYi_创艺简魏碑
11,ChuangYi_创艺简黑体
12,HanYi_AliHYAiHei
13,HanYi_HYAlzheimer
14,HanYi_HYBOBOXianShengW
15,HanYi_HYBaiJiHuoYunTiW
16,HanYi_HYBaiQiTiJ
17,HanYi_HYBaiQingTiJ
18,HanYi_HYBaoSongJ
19,HanYi_HYBeiWeiXieJingW
20,HanYi_HYBoJingTiJ
21,HanYi_HYCaiDieTiJ
22,HanYi_HYCaiYunTiJ
23,HanYi_HYChangLiSongKeBen(Original)W
24,HanYi_HYChangLiSongKeBen(Truing)W
25,HanYi_HYChangMeiHeiJ
26,HanYi_HYChangSongJ
27,HanYi_HYChangYiTiJ
28,HanYi_HYChaoCuHeiJ
29,HanYi_HYChaoCuSongJ
30,HanYi_HYChaoCuYuanJ
31,HanYi_HYChaoJiZhanJiaW
32,HanYi_HYChenMeiZiW
33,HanYi_HYChenPinPoTiJ
34,HanYi_HYChenTiJiaGuWen
35,HanYi_HYChengXingJ
36,HanYi_HYChunRanShouShuW
37,HanYi_HYCuFangSongJ
38,HanYi_HYCuHeiJ
39,HanYi_HYCuJianHeiJ
40,HanYi_HYCuSongJ
41,HanYi_HYCuYuanJ
42,HanYi_HYDaHeiJ
43,HanYi_HYDaLiShuJ
44,HanYi_HYDaShengTiJ
45,HanYi_HYDaSongJ
46,HanYi_HYDaiYuTiJ
47,HanYi_HYDiShengYingXiongTiW
48,HanYi_HYDianYaTiJ
49,HanYi_HYDieYuTiJ
50,HanYi_HYDuDuTiJ
51,HanYi_HYDunHuangXieJingW
52,HanYi_HYErMaMoShuW
53,HanYi_HYFanXiaoGeLiShuJ
54,HanYi_HYFangDieTiJ
55,HanYi_HYFangLiJ
56,HanYi_HYFangMoTiJ
57,HanYi_HYFangSongS
58,HanYi_HYGanLanTiJ
59,HanYi_HYGangYiTi-45W
60,HanYi_HYGuLiW
61,HanYi_HYGuQuW
62,HanYi_HYGuoQiangXingShuW
63,HanYi_HYHaHaTiJ
64,HanYi_HYHaiWenTiJ
65,HanYi_HYHaiYunTiJ
66,HanYi_HYHalloweenJ
67,HanYi_HYHanHeiW
68,HanYi_HYHanShiCuTiJ
69,HanYi_HYHanShiTiJ
70,HanYi_HYHeLongXingShuW
71,HanYi_HYHeiFangW
72,HanYi_HYHeiLiZhiTiJ
73,HanYi_HYHeiMiTiJ
74,HanYi_HYHeiQiTiJ
75,HanYi_HYHeiZaiTiW
76,HanYi_HYHuPoTiJ
77,HanYi_HYHuaDieTiJ
78,HanYi_HYHuaNongTiJ
79,HanYi_HYHuoChaiTiJ
80,HanYi_HYJiaGuoSongW
81,HanYi_HYJiaShuJ
82,HanYi_HYJinChangTiJ
83,HanYi_HYJinKaiJ
84,HanYi_HYJunHei-35W
85,HanYi_HYKaiTiS
86,HanYi_HYLeMiaoTiW
87,HanYi_HYLiGuoXingXingKaiW
88,HanYi_HYLiHeiJ
89,HanYi_HYLiLiTiW
90,HanYi_HYLiLiangHeiJ
91,HanYi_HYLiZhengEnXiaoKaiW
92,HanYi_HYLiangPinXianCuJ
93,HanYi_HYLiangPinXianJ
94,HanYi_HYLingBoTiJ
95,HanYi_HYLingXinTiJ
96,HanYi_HYLiuZiHeiJ
97,HanYi_HYLuoBoTiJ
98,HanYi_HYLuoHuaShiW
99,HanYi_HYManBuTiJ
100,HanYi_HYMiMiTiJ
101,HanYi_HYMiaoHunTiW
102,HanYi_HYMiaoHunZiYouTiW
103,HanYi_HYNanGongTiJ
104,HanYi_HYNuoMiTuanW
105,HanYi_HYPPTiJ
106,HanYi_HYPiLiTiJ
107,HanYi_HYPingAnXingCuJ
108,HanYi_HYPingAnXingJ
109,HanYi_HYQiLinTiJ
110,HanYi_HYQinChuanFeiYingW
111,HanYi_HYQinChuanManShuW
112,HanYi_HYQingKongTiW
113,HanYi_HYQingTing-55J
114,HanYi_HYQingYaTiJ
115,HanYi_HYQingYunTiJ
116,HanYi_HYQingYunW
117,HanYi_HYQuBaoW
118,HanYi_HYQuHeiW
119,HanYi_HYQuanTangShiJ
120,HanYi_HYRuiYiSongW
121,HanYi_HYRuiZhiW
122,HanYi_HYRunYuan-45W
123,HanYi_HYSIJIATiW
124,HanYi_HYShangWeiLiuYunTiW
125,HanYi_HYShangWeiMoFangTiW
126,HanYi_HYShangWeiQingChaTiW
127,HanYi_HYShangWeiShaoNianTiW
128,HanYi_HYShangWeiShouShuW
129,HanYi_HYShangWeiXiaoShiHouW
130,HanYi_HYShenGongTiJ
131,HanYi_HYShiGuangTiW
132,HanYi_HYShouJinShuJ
133,HanYi_HYShuHunTiJ
134,HanYi_HYShuSongErS
135,HanYi_HYShuSongYiJ
136,HanYi_HYShuTongTiJ
137,HanYi_HYShuYuanHeiJ
138,HanYi_HYShuaiXianTiW
139,HanYi_HYShuangXianTiJ
140,HanYi_HYShuiBoTiJ
141,HanYi_HYShuiDiTiJ
142,HanYi_HYSongYangTiW
143,HanYi_HYSongYunLangHeiW
144,HanYi_HYSuZeLiXingKaiTruingW
145,HanYi_HYSuZeLiXingShuOriginalW
146,HanYi_HYSunWanMinCaoShuW
147,HanYi_HYTaiJiTiJ
148,HanYi_HYTangMeiRenW
149,HanYi_HYTangTangCuTiJ
150,HanYi_HYTangTangTiJ
151,HanYi_HYTeXiDengXianJ
152,HanYi_HYTianXinTiW
153,HanYi_HYTianYuFengXingTiW
154,HanYi_HYTiaoTiaoTiJ
155,HanYi_HYTieXianHei-45J
156,HanYi_HYWaWaZhuanJ
157,HanYi_HYWaiWaiTiJ
158,HanYi_HYWangXiaoWeiTiW
159,HanYi_HYWeiBeiJ
160,HanYi_HYWenHei-55W
161,HanYi_HYXiDengXianJ
162,HanYi_HYXiJianHeiJ
163,HanYi_HYXiXingKaiW
164,HanYi_HYXiXiuTiJ
165,HanYi_HYXiYuanJ
166,HanYi_HYXiZhongYuanJ
167,HanYi_HYXiaRiTiW
168,HanYi_HYXiangXingLanTi
169,HanYi_HYXiaoBoDunHeiW
170,HanYi_HYXiaoBoGangGuW
171,HanYi_HYXiaoBoHuaBaoHeiW
172,HanYi_HYXiaoBoMeiYanTiW
173,HanYi_HYXiaoBoShuHeiW
174,HanYi_HYXiaoBoYuHeiW
175,HanYi_HYXiaoBoZheZhiTiJ
176,HanYi_HYXiaoLiShuJ
177,HanYi_HYXiaoMaiTiJ
178,HanYi_HYXinRenWenSongW
179,HanYi_HYXinXiuTiW
180,HanYi_HYXingKaiJ
181,HanYi_HYXingQiuTiW
182,HanYi_HYXingShiTiJ
183,HanYi_HYXingYuTiJ
184,HanYi_HYXiuYingTiJ
185,HanYi_HYXuJingXingKaiW
186,HanYi_HYXueFengTiJ
187,HanYi_HYXueJunTiJ
188,HanYi_HYYaYaTiJ
189,HanYi_HYYakuHei-45W
190,HanYi_HYYanHuShouShuW
191,HanYi_HYYanKaiW
192,HanYi_HYYanLingTiJ
193,HanYi_HYYanRuiMinXingKaiW
194,HanYi_HYYiNingLiJ
195,HanYi_HYYiSongW
196,HanYi_HYYouRanTiJ
197,HanYi_HYYouYuanTiW
198,HanYi_HYYuanDieTiJ
199,HanYi_HYYuanLongHei-35J
200,HanYi_HYYuanTiLiShuW
201,HanYi_HYZhangNaiRenXingShuW
202,HanYi_HYZhangZiShanTiW
203,HanYi_HYZhenZhuLiJ
204,HanYi_HYZhengYuan-35W
205,HanYi_HYZhongDengXianS
206,HanYi_HYZhongHeiJ
207,HanYi_HYZhongJianHeiJ
208,HanYi_HYZhongKaiJ
209,HanYi_HYZhongLiShuJ
210,HanYi_HYZhongSongJ
211,HanYi_HYZhongXiuTiJ
212,HanYi_HYZhongYuanJ
213,HanYi_HYZhuJieTiJ
214,HanYi_HYZhuZiALaDingW
215,HanYi_HYZhuZiBiXinTiW
216,HanYi_HYZhuZiChaoRanTiW
217,HanYi_HYZhuZiHeiMoFaW
218,HanYi_HYZhuZiHuLuWaW
219,HanYi_HYZhuZiKaKuTiW
220,HanYi_HYZhuZiLieYanTiW
221,HanYi_HYZhuZiMeiXinTiW
222,HanYi_HYZhuZiMuTouRenW
223,HanYi_HYZhuZiQingTongTiW
224,HanYi_HYZhuZiSuDaHeiW
225,HanYi_HYZhuZiTongNianTiW
226,HanYi_HYZhuZiXiaoJingLingW
227,HanYi_HYZhuZiZaHuoPuW
228,HanYi_HYZhuZiZhaoPaiHeiW
229,HanYi_HYZiDianSongS
230,HanYi_HYZiKuTangChangLinTiW
231,HanYi_HYZiKuTangDengShiXiaoKaiW
232,HanYi_HYZiKuTangYiShanKaiW
233,HanYi_HYZiYanHuanLeSongW
234,HanYi_HYZiYanKaTongW
235,HanYi_HYZongYiTiJ
236,HanYi_HanyiSentyChalk
237,HanYi_HanyiSentyCrayon
238,HanYi_HanyiSentyDiary
239,HanYi_HanyiSentyFingerPainting
240,HanYi_HanyiSentyFlorCalligraphy
241,HanYi_HanyiSentyGarden
242,HanYi_HanyiSentyGraffiti
243,HanYi_HanyiSentyJournal
244,HanYi_HanyiSentyJoy
245,HanYi_HanyiSentyLotus
246,HanYi_HanyiSentyMeadow
247,HanYi_HanyiSentyPine
248,HanYi_HanyiSentySIlkRoad
249,HanYi_HanyiSentySpringBrush
250,HanYi_HanyiSentySpringTrip
251,HanYi_HanyiSentyWoodCut
252,HanYi_HanyiSentyYongleEncyclopedia
253,HanYi_HanyiSentyZhangjizhi
254,HanYi_SentyCandy-color
255,HanYi_SentyChalk
256,HanYi_SentyCreamPuff
257,HanYi_SentyGoldenBell
258,HanYi_SentyLingfeiScroll
259,HanYi_SentyMARUKO
260,HanYi_SentyPaperCut
261,HanYi_SentyPea
262,HanYi_SentySnowMountain
263,HanYi_SentyTEA
264,HanYi_SentyTEA-Basic
265,HanYi_SentyTang
266,HanYi_SentyTriumphCalligraphy
267,HanYi_SentyWEN
268,HanYi_SentyZHAO
269,HanYi_新蒂维摩诘经
270,HuaKang_DFPShaoNvW5-GB
271,HuaKang_华康俪宋体
272,HuaKang_华康俪楷书体
273,HuaKang_华康楷体简W5-A
274,Microsoft_DengXian
275,Microsoft_msyh
276,Microsoft_微软vista仿宋
277,Microsoft_微软vista宋体
278,Microsoft_微软vista楷体
279,Microsoft_微软vista正黑体
280,Microsoft_微软vista雅黑
281,Microsoft_微软vista雅黑Bold
282,Microsoft_微软vista黑体
283,Microsoft_微软简中圆
284,Microsoft_微软简仿宋
285,Microsoft_微软简楷体
286,Microsoft_微软简粗黑
287,Microsoft_微软简综艺
288,Microsoft_微软简老宋
289,Microsoft_微软简行楷
290,Microsoft_微软简隶书
291,Microsoft_微软简魏碑
292,WenDing_文鼎CS中宋简
293,WenDing_文鼎CS中等线简
294,WenDing_文鼎CS中黑简
295,WenDing_文鼎CS书宋二简
296,WenDing_文鼎CS仿宋体简
297,WenDing_文鼎CS大宋
298,WenDing_文鼎CS大隶书简
299,WenDing_文鼎CS大黑简
300,WenDing_文鼎CS楷体简
301,WenDing_文鼎CS细等线简
302,WenDing_文鼎CS舒同体简
303,WenDing_文鼎CS行楷简
304,WenDing_文鼎CS长宋简
305,WenDing_文鼎CS长美黑简
306,WenDing_文鼎CS魏碑简
307,WenDing_文鼎POP-4
308,WenDing_文鼎中楷简
309,WenDing_文鼎中特广告体简
310,WenDing_文鼎中行书简
311,WenDing_文鼎中钢笔行楷简
312,WenDing_文鼎中隶简
313,WenDing_文鼎习字体简
314,WenDing_文鼎书宋简
315,WenDing_文鼎圆立体简
316,WenDing_文鼎大标宋简
317,WenDing_文鼎妞妞体简
318,WenDing_文鼎小标宋简
319,WenDing_文鼎弹簧体简
320,WenDing_文鼎报宋简
321,WenDing_文鼎新艺体简
322,WenDing_文鼎水管体简
323,WenDing_文鼎淹水体简
324,WenDing_文鼎潇洒体简
325,WenDing_文鼎火柴体简
326,WenDing_文鼎特圆简
327,WenDing_文鼎特粗圆简
328,WenDing_文鼎特粗宋简
329,WenDing_文鼎特粗黑简
330,WenDing_文鼎石头体简
331,WenDing_文鼎竹子体简
332,WenDing_文鼎粗圆简
333,WenDing_文鼎粗行楷简
334,WenDing_文鼎粗钢笔行楷简
335,WenDing_文鼎粗魏碑简
336,WenDing_文鼎粗黑简
337,WenDing_文鼎细仿宋简
338,WenDing_文鼎细圆简
339,WenDing_文鼎细钢笔行楷简
340,WenDing_文鼎胡子体简
341,WenDing_文鼎花瓣体简
342,WenDing_文鼎荆棘体简
343,WenDing_文鼎行楷碑体简
344,WenDing_文鼎谁的字体简
345,WenDing_文鼎贱狗体简
346,WenDing_文鼎雕刻体简
347,WenDing_文鼎霹雳体简
348,WenDing_文鼎香肠体简
349,WenDing_文鼎齿轮体简
